{
  "study_name": "xgb_search_v1",
  "n_trials": 1000,
  "best_value": 0.8646157680917986,
  "best_params": {
    "eta": 0.2996493330511307,
    "max_depth": 11,
    "gamma": 1.4682518289618922,
    "subsample": 0.7425286103592272,
    "colsample_bytree": 0.524353030306076,
    "colsample_bylevel": 0.5474940903238178,
    "max_delta_step": 0,
    "min_child_weight": 14,
    "alpha": 5.312266468168577,
    "lambda": 6.431405882523245,
    "scale_pos_weight": 6.844048176757999
  },
  "test_auprc": 0.8147522809748053,
  "optimal_threshold": 0.5668644309043884,
  "best_iteration": 84,
  "elapsed_seconds": 33586.58236527443
}