feature,importance
total_cn,9726.470703125
ploidy,5116.47314453125
pLOH,1637.9014892578125
cna_burden,990.3550415039062
purity,741.200927734375
freq_HR,699.6934204101562
freq_BFB,562.3153686523438
minor_cn,360.9377136230469
freq_Circular,207.39979553222656
AScore,183.31451416015625
freq_Linear,175.56610107421875
